duration,start_time,title
0 days 00:06:21,2025-12-28 09:19:43,Brooklyn Nine-Nine
0 days 00:21:40,2025-12-28 05:35:33,A Cure for Wellness
0 days 00:06:14,2025-12-27 15:44:17,A Cure for Wellness
0 days 00:13:58,2025-12-27 15:09:21,A Cure for Wellness
0 days 00:37:31,2025-12-27 13:52:04,The Great Flood
0 days 00:37:02,2025-12-27 10:05:24,The Great Flood
0 days 00:05:36,2025-12-27 08:17:12,10DANCE
0 days 02:18:35,2025-12-22 14:05:49,Wake Up Dead Man: A Knives Out Mystery
0 days 01:36:05,2025-12-21 16:01:50,Kaantha
0 days 00:34:49,2025-12-19 16:33:05,Girl from Nowhere
0 days 00:20:01,2025-12-19 16:13:24,Girl from Nowhere
0 days 00:25:50,2025-12-19 15:28:05,Girl from Nowhere
0 days 00:47:47,2025-12-19 10:00:43,Girl from Nowhere
0 days 00:19:31,2025-12-19 09:42:10,Girl from Nowhere
0 days 00:19:30,2025-12-19 09:16:21,Girl from Nowhere
0 days 00:42:15,2025-12-19 01:26:46,Girl from Nowhere
0 days 01:53:17,2025-12-06 16:37:09,Homebound
0 days 00:40:48,2025-12-06 14:55:54,Sydney White
0 days 00:06:43,2025-12-06 09:17:45,YES DAY
0 days 00:05:36,2025-12-06 08:39:55,Sydney White
0 days 00:10:18,2025-12-06 05:02:44,Brooklyn Nine-Nine
0 days 00:18:11,2025-12-05 16:54:20,Signal
0 days 00:46:08,2025-12-05 14:26:49,Signal
0 days 00:47:15,2025-12-05 13:34:44,Signal
0 days 00:13:01,2025-12-05 08:58:42,Signal
0 days 00:12:29,2025-12-05 05:33:46,Signal
0 days 00:13:28,2025-12-04 14:19:54,Dark
0 days 00:13:37,2025-12-04 10:17:31,Dark
0 days 00:47:19,2025-12-03 16:29:10,Dark
0 days 00:10:19,2025-12-02 17:15:52,The Sinner
0 days 00:07:41,2025-12-02 17:05:46,The Sinner
0 days 00:07:56,2025-12-02 16:56:28,The Sinner
0 days 00:05:46,2025-12-02 16:46:35,The Sinner
0 days 00:06:00,2025-12-02 16:39:16,The Sinner
0 days 00:13:30,2025-12-02 16:19:21,The Sinner
0 days 00:38:49,2025-12-02 15:32:06,The Sinner
0 days 00:07:46,2025-12-02 15:22:10,The Sinner
0 days 00:36:22,2025-12-02 14:22:19,The Sinner
0 days 00:10:04,2025-12-02 14:12:15,The Sinner
0 days 00:19:35,2025-11-30 18:31:18,Aaryan
0 days 00:34:48,2025-11-30 17:53:23,Aaryan
0 days 01:04:26,2025-11-30 16:42:01,Aaryan
0 days 00:07:01,2025-11-30 16:15:33,Aaryan
0 days 00:33:21,2025-11-30 11:15:39,The Sinner
0 days 00:18:59,2025-11-30 09:36:26,The Sinner
0 days 01:36:48,2025-11-29 16:48:39,Bison Kaalamaadan
0 days 01:05:05,2025-11-29 15:30:24,Bison Kaalamaadan
0 days 00:36:28,2025-11-29 09:29:26,The Sinner
0 days 00:17:36,2025-11-28 09:06:35,Brooklyn Nine-Nine
0 days 00:12:25,2025-11-27 14:14:53,Brooklyn Nine-Nine
0 days 00:09:28,2025-11-27 07:54:11,Brooklyn Nine-Nine
0 days 00:19:42,2025-11-26 15:20:28,Brooklyn Nine-Nine
0 days 00:13:47,2025-11-26 09:09:32,Brooklyn Nine-Nine
0 days 00:20:28,2025-11-26 04:27:41,Brooklyn Nine-Nine
0 days 00:11:42,2025-11-22 15:22:10,Dude
0 days 00:14:02,2025-11-17 15:14:20,Brooklyn Nine-Nine
0 days 00:06:45,2025-11-17 04:26:59,Brooklyn Nine-Nine
0 days 01:57:08,2025-11-15 09:07:27,Dude
0 days 00:21:13,2025-11-13 13:33:24,Brooklyn Nine-Nine
0 days 00:07:44,2025-11-13 13:24:05,Brooklyn Nine-Nine
0 days 01:03:15,2025-11-11 08:42:45,White Chicks
0 days 00:10:20,2025-11-11 08:14:10,White Chicks
0 days 00:29:02,2025-11-11 07:44:23,White Chicks
0 days 00:16:52,2025-11-10 10:13:55,Brooklyn Nine-Nine
0 days 00:21:35,2025-11-10 09:52:19,Brooklyn Nine-Nine
0 days 00:21:42,2025-11-10 09:30:35,Brooklyn Nine-Nine
0 days 00:21:20,2025-11-10 09:08:36,Brooklyn Nine-Nine
0 days 00:20:55,2025-11-10 07:15:10,Brooklyn Nine-Nine
0 days 00:21:35,2025-11-10 06:50:46,Brooklyn Nine-Nine
0 days 00:21:57,2025-11-10 06:28:48,Brooklyn Nine-Nine
0 days 00:21:34,2025-11-10 06:07:13,Brooklyn Nine-Nine
0 days 00:21:39,2025-11-10 05:46:34,Brooklyn Nine-Nine
0 days 00:21:40,2025-11-10 05:22:31,Brooklyn Nine-Nine
0 days 00:19:00,2025-11-09 15:50:11,Brooklyn Nine-Nine
0 days 00:21:43,2025-11-09 15:28:21,Brooklyn Nine-Nine
0 days 00:21:25,2025-11-09 15:04:28,Brooklyn Nine-Nine
0 days 00:29:10,2025-11-09 10:34:17,Frankenstein
0 days 01:48:38,2025-11-09 08:24:15,Frankenstein
0 days 00:07:06,2025-11-08 15:13:20,Brooklyn Nine-Nine
0 days 00:13:54,2025-11-06 09:00:53,Brooklyn Nine-Nine
0 days 00:14:28,2025-11-03 11:22:49,Do Patti
0 days 01:32:58,2025-10-31 15:37:04,Idli Kadai
0 days 00:09:43,2025-10-18 09:33:00,Brooklyn Nine-Nine
0 days 00:08:30,2025-10-12 04:27:54,Brooklyn Nine-Nine
0 days 00:21:07,2025-10-12 04:02:15,Brooklyn Nine-Nine
0 days 00:21:20,2025-10-12 03:40:50,Brooklyn Nine-Nine
0 days 00:13:20,2025-10-12 03:28:25,Brooklyn Nine-Nine
0 days 00:08:36,2025-10-11 06:20:09,Brooklyn Nine-Nine
0 days 00:21:05,2025-10-11 06:00:05,Brooklyn Nine-Nine
0 days 00:21:36,2025-10-11 05:38:23,Brooklyn Nine-Nine
0 days 00:11:41,2025-10-11 05:26:19,Brooklyn Nine-Nine
0 days 00:21:12,2025-10-04 15:04:01,Brooklyn Nine-Nine
0 days 00:06:56,2025-10-03 16:05:53,Brooklyn Nine-Nine
0 days 00:13:39,2025-10-03 15:51:29,Brooklyn Nine-Nine
0 days 00:05:33,2025-10-03 15:44:23,Brooklyn Nine-Nine
0 days 00:15:48,2025-10-03 12:27:08,Brooklyn Nine-Nine
0 days 00:19:57,2025-10-03 12:08:14,Brooklyn Nine-Nine
0 days 00:13:43,2025-10-03 09:29:15,Dragon
0 days 00:07:55,2025-10-03 05:36:30,Brooklyn Nine-Nine
0 days 00:12:59,2025-10-03 04:08:32,Brooklyn Nine-Nine
0 days 00:19:20,2025-10-02 16:23:15,Brooklyn Nine-Nine
0 days 00:21:25,2025-10-02 16:23:13,Brooklyn Nine-Nine
0 days 00:16:09,2025-10-02 15:58:08,Brooklyn Nine-Nine
0 days 00:17:40,2025-10-02 15:40:28,Brooklyn Nine-Nine
0 days 00:06:53,2025-10-02 15:30:10,Brooklyn Nine-Nine
0 days 00:29:40,2025-10-02 13:55:25,Jumanji: The Next Level
0 days 00:52:14,2025-10-02 11:45:16,Jumanji: The Next Level
0 days 00:05:01,2025-10-02 09:34:30,The Fall Guy
0 days 00:21:32,2025-10-02 09:10:09,Brooklyn Nine-Nine
0 days 00:21:23,2025-10-02 08:38:51,Brooklyn Nine-Nine
0 days 00:05:27,2025-10-02 08:29:45,Brooklyn Nine-Nine
0 days 00:15:13,2025-10-02 06:49:07,Brooklyn Nine-Nine
0 days 00:10:50,2025-10-02 05:54:39,Brooklyn Nine-Nine
0 days 00:21:36,2025-10-02 05:32:39,Brooklyn Nine-Nine
0 days 00:18:09,2025-10-02 05:12:06,Brooklyn Nine-Nine
0 days 00:05:41,2025-10-02 05:00:55,Brooklyn Nine-Nine
0 days 00:27:19,2025-09-30 13:58:23,Alice in Borderland
0 days 00:30:50,2025-09-30 13:22:24,Alice in Borderland
0 days 00:27:31,2025-09-30 11:29:04,Alice in Borderland
0 days 00:40:06,2025-09-30 10:43:33,Alice in Borderland
0 days 00:13:28,2025-09-29 16:17:38,Alice in Borderland
0 days 00:56:16,2025-09-29 15:16:12,Alice in Borderland
0 days 00:50:25,2025-09-29 14:23:12,Alice in Borderland
0 days 00:09:37,2025-09-29 14:13:02,Alice in Borderland
0 days 00:13:48,2025-09-29 11:01:15,Brooklyn Nine-Nine
0 days 00:29:03,2025-09-28 16:12:38,Alice in Borderland
0 days 00:15:56,2025-09-28 14:54:22,Alice in Borderland
0 days 00:09:15,2025-09-28 04:51:16,To All The Boys: Always And Forever
0 days 00:20:26,2025-09-28 04:30:00,To All the Boys I’ve Loved Before
0 days 00:52:26,2025-09-27 14:21:06,Yeh Jawaani Hai Deewani
0 days 00:08:31,2025-09-27 09:40:17,Maareesan
0 days 00:21:39,2025-09-27 09:12:52,Brooklyn Nine-Nine
0 days 00:09:10,2025-09-27 05:55:38,Brooklyn Nine-Nine
0 days 00:06:26,2025-09-27 05:04:30,Brooklyn Nine-Nine
0 days 00:21:52,2025-09-27 04:41:16,Brooklyn Nine-Nine
0 days 00:21:45,2025-09-27 04:16:05,Brooklyn Nine-Nine
0 days 00:14:07,2025-09-27 03:55:25,Brooklyn Nine-Nine
0 days 00:07:17,2025-09-26 11:02:05,Brooklyn Nine-Nine
0 days 00:09:49,2025-09-26 10:47:37,Brooklyn Nine-Nine
0 days 00:16:25,2025-09-24 12:23:34,Queen Mantis
0 days 00:13:29,2025-09-24 11:45:47,Dexter
0 days 00:21:25,2025-09-24 10:57:29,Brooklyn Nine-Nine
0 days 00:06:18,2025-09-24 10:49:14,Dexter
0 days 00:16:17,2025-09-23 10:46:43,Queen Mantis
0 days 00:12:12,2025-09-22 16:38:16,Queen Mantis
0 days 00:19:50,2025-09-22 10:42:48,Haunted Hotel
0 days 00:15:48,2025-09-21 15:58:50,Haunted Hotel
0 days 00:05:45,2025-09-21 15:14:30,Haunted Hotel
0 days 00:12:34,2025-09-21 15:01:11,Haunted Hotel
0 days 00:06:29,2025-09-21 07:18:31,Haunted Hotel
0 days 00:13:25,2025-09-21 07:04:42,Haunted Hotel
0 days 00:09:47,2025-09-21 06:47:42,Haunted Hotel
0 days 00:23:15,2025-09-21 06:25:15,Haunted Hotel
0 days 00:22:57,2025-09-21 04:20:11,Haunted Hotel
0 days 00:20:38,2025-09-21 04:00:23,Haunted Hotel
0 days 00:16:55,2025-09-20 16:22:28,Haunted Hotel
0 days 00:06:09,2025-09-20 16:12:29,Haunted Hotel
0 days 00:15:10,2025-09-20 15:58:17,Haunted Hotel
0 days 00:07:38,2025-09-20 10:06:05,Haunted Hotel
0 days 00:14:01,2025-09-20 09:53:06,Haunted Hotel
0 days 00:10:34,2025-09-20 09:33:17,Brooklyn Nine-Nine
0 days 00:09:40,2025-09-20 09:21:19,Haunted Hotel
0 days 00:07:20,2025-09-20 09:13:34,Black Mirror
0 days 00:08:03,2025-09-15 12:12:53,Brooklyn Nine-Nine
0 days 00:21:22,2025-09-14 16:06:21,Brooklyn Nine-Nine
0 days 00:18:51,2025-09-14 15:42:54,Brooklyn Nine-Nine
0 days 00:12:36,2025-09-14 15:30:55,Brooklyn Nine-Nine
0 days 00:08:57,2025-09-14 04:24:55,Brooklyn Nine-Nine
0 days 00:06:19,2025-09-13 15:19:57,Brooklyn Nine-Nine
0 days 00:11:41,2025-09-11 11:08:35,Brooklyn Nine-Nine
0 days 00:07:38,2025-09-11 11:01:56,Brooklyn Nine-Nine
0 days 00:10:30,2025-09-09 12:29:18,Beyond the Bar
0 days 00:07:36,2025-09-08 16:51:37,Beyond the Bar
0 days 00:35:28,2025-09-08 10:54:02,Beyond the Bar
0 days 00:13:43,2025-09-08 09:24:03,Brooklyn Nine-Nine
0 days 00:21:10,2025-09-07 16:19:50,Brooklyn Nine-Nine
0 days 00:38:03,2025-09-07 12:03:56,Kabhi Khushi Kabhie Gham
0 days 00:39:54,2025-09-06 16:57:54,Wednesday
0 days 00:48:46,2025-09-06 15:58:51,Wednesday
0 days 01:03:35,2025-09-05 09:39:32,Wednesday
0 days 00:26:38,2025-09-05 09:12:49,Wednesday
0 days 00:17:44,2025-09-05 06:46:42,Wednesday
0 days 00:13:34,2025-08-30 09:41:05,Baking Impossible
0 days 00:16:35,2025-08-16 13:56:42,1922
0 days 00:10:00,2025-08-16 13:37:28,Brooklyn Nine-Nine
0 days 00:11:10,2025-08-15 08:06:13,Brooklyn Nine-Nine
0 days 00:07:34,2025-08-14 12:30:51,1922
0 days 00:06:08,2025-08-13 11:15:30,1922
0 days 00:06:07,2025-08-13 11:01:45,Brooklyn Nine-Nine
0 days 00:07:18,2025-08-12 11:43:28,Mandala Murders
0 days 00:46:34,2025-08-11 17:35:04,Wednesday
0 days 00:22:32,2025-08-11 16:48:41,Wednesday
0 days 00:30:04,2025-08-11 11:22:07,Wednesday
0 days 00:10:55,2025-08-11 11:11:32,Wednesday
0 days 00:07:22,2025-08-10 15:45:35,Brooklyn Nine-Nine
0 days 00:05:23,2025-08-10 10:45:56,Wednesday
0 days 00:19:10,2025-08-10 10:11:53,Wednesday
0 days 00:18:30,2025-08-10 09:14:14,Wednesday
0 days 00:36:35,2025-08-10 08:34:48,Wednesday
0 days 00:05:36,2025-08-10 05:53:51,My Oxford Year
0 days 00:18:02,2025-08-09 16:52:54,Wednesday
0 days 00:13:18,2025-08-02 09:19:13,Brooklyn Nine-Nine
0 days 00:07:58,2025-08-02 04:51:38,Brooklyn Nine-Nine
0 days 00:06:48,2025-07-13 10:06:17,The Great Indian Kapil Show
0 days 00:07:34,2025-07-07 14:00:02,Thug Life
0 days 00:08:57,2025-06-29 16:12:00,The Call
0 days 01:21:30,2025-06-29 14:16:11,The Call
0 days 00:12:29,2025-06-28 06:22:46,Squid Game
0 days 00:22:50,2025-06-28 05:55:47,Squid Game
0 days 00:20:24,2025-06-27 18:23:42,Squid Game
0 days 00:10:27,2025-06-27 18:21:31,Squid Game
0 days 00:22:16,2025-06-27 17:07:09,Squid Game
0 days 00:10:30,2025-06-27 16:52:54,Squid Game
0 days 00:10:01,2025-06-27 16:40:01,Squid Game
0 days 00:54:10,2025-06-27 15:24:34,Squid Game
0 days 00:11:13,2025-06-27 15:11:53,Squid Game
0 days 00:40:03,2025-06-27 13:48:50,Squid Game
0 days 00:14:09,2025-06-26 07:56:47,KPop Demon Hunters
0 days 01:08:22,2025-06-26 06:28:51,KPop Demon Hunters
0 days 00:12:30,2025-06-22 16:09:58,Love Today
0 days 00:05:50,2025-06-22 12:08:49,Brooklyn Nine-Nine
0 days 00:08:10,2025-06-20 08:42:50,Brooklyn Nine-Nine
0 days 00:11:26,2025-06-19 14:45:10,Brooklyn Nine-Nine
0 days 00:14:31,2025-06-14 09:43:03,Brooklyn Nine-Nine
0 days 00:19:10,2025-06-14 05:19:25,Love and Leashes
0 days 00:10:50,2025-06-06 14:26:18,Qala
0 days 00:13:50,2025-06-06 08:39:02,Inside Job
0 days 00:21:03,2025-06-04 17:03:20,Black Mirror
0 days 00:30:14,2025-05-30 17:31:05,The Nice Guys
0 days 00:29:18,2025-05-30 15:43:29,The Nice Guys
0 days 00:40:39,2025-05-30 14:16:14,The Nice Guys
0 days 00:09:53,2025-05-30 13:31:38,The Platform
0 days 00:09:59,2025-05-28 11:50:36,Bride Wars
0 days 01:04:59,2025-05-28 10:09:36,Bride Wars
0 days 00:09:45,2025-05-26 16:39:36,Copycat Killer
0 days 00:26:27,2025-05-26 16:01:06,MINDHUNTER
0 days 00:22:24,2025-05-26 09:30:46,Hellbound
0 days 00:22:29,2025-05-26 09:09:10,Hellbound
0 days 00:10:16,2025-05-26 08:16:55,Hellbound
0 days 00:19:48,2025-05-25 17:01:29,Hellbound
0 days 00:38:26,2025-05-25 16:21:08,Hellbound
0 days 00:50:12,2025-05-25 08:22:33,Hellbound
0 days 00:25:54,2025-05-25 07:57:36,Hellbound
0 days 00:05:09,2025-05-25 05:25:19,You
0 days 00:23:59,2025-05-24 16:16:14,Hellbound
0 days 00:45:07,2025-05-24 15:08:13,Hellbound
0 days 00:17:25,2025-05-21 09:49:26,Brooklyn Nine-Nine
0 days 00:21:39,2025-05-17 04:28:22,Brooklyn Nine-Nine
0 days 00:14:30,2025-05-17 04:10:58,Brooklyn Nine-Nine
0 days 00:47:51,2025-05-16 15:13:35,Perusu
0 days 01:06:06,2025-05-16 13:40:32,Perusu
0 days 00:11:41,2025-05-11 14:45:31,Good Bad Ugly
0 days 00:06:39,2025-05-11 08:35:34,Brooklyn Nine-Nine
0 days 00:20:50,2025-05-10 14:57:42,Good Bad Ugly
0 days 00:06:40,2025-05-10 14:05:52,The Perfection
0 days 01:22:59,2025-05-09 15:02:57,Unlocked
0 days 00:08:16,2025-05-09 14:26:38,Unlocked
0 days 00:14:02,2025-05-07 14:45:11,Brooklyn Nine-Nine
0 days 00:07:14,2025-05-04 09:09:41,Brooklyn Nine-Nine
0 days 00:06:41,2025-05-03 14:33:36,Brooklyn Nine-Nine
0 days 00:07:32,2025-05-03 08:19:56,Brooklyn Nine-Nine
0 days 00:14:22,2025-04-28 07:15:08,Friends
0 days 00:07:37,2025-04-27 15:37:28,Friends
0 days 00:20:52,2025-04-27 08:53:00,Friends
0 days 00:11:58,2025-04-25 12:15:50,Friends
0 days 00:44:50,2025-04-24 15:07:42,Rush Hour
0 days 00:08:20,2025-04-24 08:42:55,Friends
0 days 00:20:18,2025-04-22 08:01:58,Friends
0 days 00:13:18,2025-04-22 07:47:31,Friends
0 days 00:13:40,2025-04-21 06:33:46,Friends
0 days 00:09:11,2025-04-21 06:22:30,Friends
0 days 00:12:04,2025-04-20 10:11:28,Friends
0 days 00:10:23,2025-04-20 05:36:05,Irugapatru
0 days 00:14:28,2025-04-19 15:05:09,Friends
0 days 00:05:38,2025-04-18 15:26:52,Friends
0 days 00:28:07,2025-04-16 09:04:32,Glass Onion: A Knives Out Mystery
0 days 00:58:05,2025-04-16 07:35:16,Glass Onion: A Knives Out Mystery
0 days 00:42:30,2025-04-16 06:05:52,Glass Onion: A Knives Out Mystery
0 days 00:15:06,2025-04-14 16:18:17,Superstore
0 days 00:06:25,2025-04-14 08:29:03,Superstore
0 days 00:09:16,2025-04-14 04:45:40,Superstore
0 days 00:12:20,2025-04-13 16:26:10,Superstore
0 days 00:12:33,2025-04-13 16:10:02,Superstore
0 days 00:19:48,2025-04-13 15:47:25,Superstore
0 days 00:21:25,2025-04-13 15:24:12,Superstore
0 days 00:07:22,2025-04-03 10:44:10,Superstore
0 days 00:12:04,2025-04-02 15:50:30,Superstore
0 days 00:21:46,2025-04-02 15:29:15,Superstore
0 days 00:21:29,2025-04-02 11:22:47,Superstore
0 days 00:06:33,2025-04-02 11:13:54,Superstore
0 days 00:14:50,2025-04-01 15:47:00,Superstore
0 days 00:16:11,2025-04-01 15:24:55,Superstore
0 days 00:05:17,2025-04-01 14:55:01,Superstore
0 days 00:21:37,2025-04-01 14:32:34,Superstore
0 days 00:15:06,2025-04-01 14:17:05,Superstore
0 days 00:07:58,2025-04-01 08:04:22,Friends
0 days 01:06:53,2025-03-31 13:27:55,Dragon
0 days 00:55:14,2025-03-31 11:50:38,Dragon
0 days 00:25:11,2025-03-19 16:58:57,Hasan Minhaj: Off With His Head
0 days 00:07:56,2025-02-28 11:06:30,Friends
0 days 00:09:49,2025-02-26 15:09:01,Friends
0 days 00:06:03,2025-02-24 11:44:23,Brooklyn Nine-Nine
0 days 00:05:35,2025-02-24 11:38:38,Brooklyn Nine-Nine
0 days 00:21:09,2025-02-24 11:16:33,Brooklyn Nine-Nine
0 days 00:19:37,2025-02-23 15:02:09,Brooklyn Nine-Nine
0 days 00:14:26,2025-02-23 07:52:36,Brooklyn Nine-Nine
0 days 00:21:17,2025-02-23 04:44:44,Brooklyn Nine-Nine
0 days 00:20:58,2025-02-23 04:19:00,Brooklyn Nine-Nine
0 days 00:21:50,2025-02-22 14:30:56,Brooklyn Nine-Nine
0 days 00:06:43,2025-02-21 09:11:03,Friends
0 days 00:21:48,2025-02-21 08:50:18,Friends
0 days 00:15:38,2025-02-21 08:29:29,Friends
0 days 00:11:00,2025-02-20 11:46:19,Friends
0 days 00:10:15,2025-02-20 11:21:31,Friends
0 days 00:11:51,2025-02-19 12:10:58,Friends
0 days 00:21:12,2025-02-19 10:59:00,Brooklyn Nine-Nine
0 days 00:14:35,2025-02-16 13:40:22,Brooklyn Nine-Nine
0 days 00:39:03,2025-02-15 11:32:46,Minnal Murali
0 days 00:54:50,2025-02-15 10:20:00,Minnal Murali
0 days 00:24:18,2025-02-15 08:25:35,Minnal Murali
0 days 00:11:13,2025-02-15 07:49:43,Friends
0 days 00:18:12,2025-02-15 06:54:48,Brooklyn Nine-Nine
0 days 00:21:15,2025-02-15 06:21:16,Brooklyn Nine-Nine
0 days 00:16:24,2025-02-15 05:52:28,Brooklyn Nine-Nine
0 days 00:20:11,2025-02-15 05:33:16,Brooklyn Nine-Nine
0 days 00:21:39,2025-02-15 05:11:01,Brooklyn Nine-Nine
0 days 00:21:10,2025-02-15 04:49:29,Brooklyn Nine-Nine
0 days 00:10:48,2025-02-14 10:53:22,Brooklyn Nine-Nine
0 days 00:10:18,2025-02-13 11:15:43,Brooklyn Nine-Nine
0 days 00:21:20,2025-02-12 11:25:08,Brooklyn Nine-Nine
0 days 00:13:32,2025-02-12 11:04:27,Brooklyn Nine-Nine
0 days 01:40:46,2025-02-11 14:45:03,Kadhalikka Neramillai
0 days 00:11:16,2025-02-11 14:05:24,Kadhalikka Neramillai
0 days 00:08:28,2025-02-11 12:35:08,Brooklyn Nine-Nine
0 days 00:20:40,2025-02-11 12:15:29,Brooklyn Nine-Nine
0 days 00:21:07,2025-02-11 11:50:01,Brooklyn Nine-Nine
0 days 00:13:52,2025-02-11 11:35:14,Brooklyn Nine-Nine
0 days 00:05:15,2025-02-11 11:03:03,Brooklyn Nine-Nine
0 days 00:11:52,2025-02-11 09:02:29,Brooklyn Nine-Nine
0 days 00:06:14,2025-02-11 08:55:18,Brooklyn Nine-Nine
0 days 00:11:49,2025-02-10 11:49:08,Brooklyn Nine-Nine
0 days 00:05:07,2025-02-10 11:15:35,Brooklyn Nine-Nine
0 days 00:21:34,2025-02-09 15:15:15,Brooklyn Nine-Nine
0 days 00:21:38,2025-02-09 14:52:24,Brooklyn Nine-Nine
0 days 00:21:26,2025-02-09 14:29:38,Brooklyn Nine-Nine
0 days 00:10:52,2025-02-09 05:22:28,Inside Job
0 days 00:05:53,2025-02-09 05:14:50,Brooklyn Nine-Nine
0 days 00:21:21,2025-02-09 04:52:14,Brooklyn Nine-Nine
0 days 00:21:07,2025-02-09 04:24:39,Brooklyn Nine-Nine
0 days 00:15:24,2025-02-09 04:08:33,Brooklyn Nine-Nine
0 days 00:05:24,2025-02-06 10:59:14,Brooklyn Nine-Nine
0 days 00:09:28,2025-02-02 14:28:29,Brooklyn Nine-Nine
0 days 00:21:21,2025-02-02 14:05:42,Brooklyn Nine-Nine
0 days 00:20:23,2025-02-02 13:33:11,Brooklyn Nine-Nine
0 days 00:13:17,2025-02-02 12:25:40,Brooklyn Nine-Nine
0 days 00:05:07,2025-02-02 09:54:25,Brooklyn Nine-Nine
0 days 00:10:01,2025-02-02 09:38:55,Brooklyn Nine-Nine
0 days 00:11:00,2025-02-02 08:36:02,Brooklyn Nine-Nine
0 days 00:18:52,2025-02-02 08:13:12,Brooklyn Nine-Nine
0 days 00:20:26,2025-02-02 03:45:56,Brooklyn Nine-Nine
0 days 00:09:46,2025-02-01 13:44:53,Brooklyn Nine-Nine
0 days 00:09:00,2025-02-01 08:45:19,Brooklyn Nine-Nine
0 days 00:11:00,2025-02-01 07:09:21,Brooklyn Nine-Nine
0 days 00:08:37,2025-02-01 05:52:31,Brooklyn Nine-Nine
0 days 00:11:26,2025-02-01 04:42:06,Brooklyn Nine-Nine
0 days 00:09:43,2025-01-31 11:55:41,Brooklyn Nine-Nine
0 days 00:15:35,2025-01-31 11:11:23,Brooklyn Nine-Nine
0 days 00:05:38,2025-01-30 10:56:53,Brooklyn Nine-Nine
0 days 00:21:18,2025-01-28 11:13:18,Brooklyn Nine-Nine
0 days 00:07:12,2025-01-28 10:54:20,Friends
0 days 00:10:48,2025-01-27 11:05:58,Friends
0 days 00:13:57,2025-01-25 14:19:19,Friends
0 days 00:09:17,2025-01-24 10:47:46,Friends
0 days 00:12:53,2025-01-23 10:51:12,Friends
0 days 00:12:12,2025-01-22 11:04:28,Friends
0 days 00:06:07,2025-01-22 10:53:24,Friends
0 days 00:11:38,2025-01-21 11:00:28,Friends
0 days 00:05:29,2025-01-20 11:00:32,Friends
0 days 00:05:10,2025-01-19 14:20:24,Friends
0 days 00:09:34,2025-01-19 09:11:08,Friends
0 days 00:11:32,2025-01-19 05:36:04,The Chestnut Man
0 days 00:13:16,2025-01-18 14:57:16,Friends
0 days 00:05:24,2025-01-18 04:37:15,Friends
0 days 00:17:53,2025-01-17 13:59:55,Friends
0 days 00:12:38,2025-01-17 08:32:55,Friends
0 days 00:09:48,2025-01-16 09:31:53,Brooklyn Nine-Nine
0 days 00:09:14,2025-01-16 04:39:08,Friends
0 days 00:06:40,2025-01-15 08:44:00,Friends
0 days 00:08:07,2025-01-15 04:58:28,Friends
0 days 00:06:27,2025-01-14 05:05:27,Friends
0 days 00:28:48,2025-01-13 15:22:16,Shyam Singha Roy
0 days 00:14:03,2025-01-13 10:17:55,Jana 2022 (Tamil)
0 days 00:30:49,2025-01-13 07:21:25,Forgotten
0 days 00:24:43,2025-01-13 05:10:54,Forgotten
0 days 00:23:54,2025-01-13 04:21:23,Forgotten
0 days 00:08:53,2025-01-12 15:09:39,Forgotten
0 days 00:07:06,2025-01-12 14:58:12,Forgotten
0 days 00:43:03,2025-01-12 11:50:22,Saripodhaa Sanivaaram
0 days 00:35:38,2025-01-12 10:10:49,Saripodhaa Sanivaaram
0 days 01:00:17,2025-01-10 14:13:06,Saripodhaa Sanivaaram
0 days 00:12:39,2025-01-10 13:34:56,Saripodhaa Sanivaaram
0 days 00:08:52,2025-01-08 14:19:05,Brooklyn Nine-Nine
0 days 00:18:38,2025-01-06 06:52:47,Brooklyn Nine-Nine
0 days 00:06:48,2025-01-04 08:38:28,Friends
0 days 00:12:54,2025-01-02 14:42:55,Brooklyn Nine-Nine
